{
  "name": "BaselineOptionType_intent_jk",
  "type": "Dynamic",
  "webhook_url" : "http://52c47ca3.ngrok.io/api/intents",
  "out_of_context_intents" : { "VpaGetAnswer" : 1.00, "VpaGetDefinition" : 1.00 },
  "trigger_sentences" : [
    "baseline options test"
  ],
  "active": true,
  "fields": [
    {
      "name": "qr",
      "options": [
        {
          "value": "qr option1",
          "label": "qr option1"
        },
        {
          "value": "qr option2",
          "label": "qr option2"
        }
      ]
    }
  ]
}
