{
  "name" : "BaselineIntentWithCustomPrompts_form",
  "type" : "Dynamic",
  "webhook_url" : "http://0.0.0.0:8181/api/intents",
  "out_of_context_intents" : { "VpaGetAnswer" : 1.00, "VpaGetDefinition" : 1.00 },
  "trigger_sentences" : [
    "BaselineIntentWithCustomPrompts",
    "baseline intent with custom prompts"
  ],
  "active" : true,
  "fields": [
	  {
      "name": "boolean_param",
      "type": "BOOLEAN"
    },
	  {
      "name": "number_param",
      "type": "NUMBER"
    },
    {
      "name": "string_param",
      "type": "STRING"
    }
	]
}
