{ 
    "name" : "Card_Renew",
    "type" : "Dynamic",
    "webhook_url" : "http://0.0.0.0:8181/api/intents",
    "out_of_context_intents" : { "VpaGetAnswer" : 1.00, "VpaGetDefinition" : 1.00 },
    "trigger_sentences" : [
       "renew card",
       "renew credit card",
       "I need to renew a card",
       "I need to renew the card that expires {@card_expiry_date today}",
       "renew card that expires {@card_expiry_date today}",
       "renew card expiring {@card_expiry_date today}",
       "can i renew my card?"
    ],        
    "fields" : [ 
        {
            "name" : "card_expiry_date",
            "type" : "Normalizer",
            "norm_type" : "Date"
        }
    ],
    "active" : true
}
