{ 
    "name" : "Insights_Goal",
    "type" : "Dynamic",
    "webhook_url" : "http://iapiservice:8080/api/intents",
    "out_of_context_intents" : { "VpaGetAnswer" : 1.00},
    "trigger_sentences" : [
       "insights goal",
       "{@IG_Action set} a goal for {@IG_Date 2/12}",
       "{@IG_Action set} a new goal",
       "{@IG_Action view} my goal statuses"
    ],
    "active" : true,
    "fields": [
		
		{
			"name": "IG_Action",
			"type": "options",
			"options": [
				{
					"value": "view",
					"label": "View",
					"aliases": [
						"show"
					]
				},
				{
					"value": "set",
					"label": "Set",
					"aliases": [
						"change",
						"update"
					]
				}
			]
		},
		 {
            "name" : "IG_Date",
            "type" : "Normalizer",
            "norm_type" : "Date"
        }
	]
    
}
