{ 
    "name" : "Insights_Budget",
    "type" : "Dynamic",
    "webhook_url" : "http://iapiservice:8080/api/intents",
    "out_of_context_intents" : { "VpaGetAnswer" : 1.00},
    "trigger_sentences" : [
       "insights budget",
       "{@IB_Action set} a budget for {@IB_Category food}",
       "{@IB_Action set} a budget for {@IB_Category food} set at $200",
       "{@IB_Action set} a new budget",
       "{@IB_Action show} my budget status for {@IB_Category food}",
       "{@IB_Action view} my budget statuses"
    ],
    "active" : true,
    "fields": [
		
		{
			"name": "IB_Action",
			"type": "options",
			"options": [
				{
					"value": "view",
					"label": "View",
					"aliases": [
						"show"
					]
				},
				{
					"value": "set",
					"label": "Set",
					"aliases": [
						"change",
						"update"
					]
				}
			]
		},
		{
			"name": "IB_Category",
			"type": "options",
			"options": [
				{
					"value": "food",
					"label": "Food",
					"aliases": [
						"food",
						"restaurants"
					]
				},
				{
					"value": "entertainment",
					"label": "Entertainment",
					"aliases": [
						"entertaining"
					]
				}
			]
		}
	]
    
}
