{
  "botium": {
    "Capabilities": {
      "PROJECTNAME": "Node IAPI CI/CD Tests",
      "CONTAINERMODE": "simplerest",
	  "SCRIPTING_FORMAT": "text",
      "SIMPLEREST_BODY_TEMPLATE": "{\"text\": \"{{msg.messageText}}\"}",
      "SIMPLEREST_URL": "http://localhost:5051/tests",
      "SIMPLEREST_METHOD": "POST",
      "SIMPLEREST_RESPONSE_JSONPATH": "$.message_contents[0].payload.text",
      "SCRIPTING_MATCHING_MODE": "include",
      "WAITFORBOTTIMEOUT": "30000",
      "CLEANUPTEMPDIR": true
    }
  }
}


