{ 
    "name" : "kai_find_branch_td",
    "type" : "Dynamic",
    "webhook_url" : "http://0.0.0.0:8290/api/intents",
    "out_of_context_intents" : { "VpaGetAnswer" : 1.00, "VpaGetDefinition" : 1.00 },
    "trigger_sentences" : [
       "find_branch_td",
       "where is the nearest branch",
       "nearest branch"

    ],        
    "fields" : [ 
        {
            "name" : "input_string",
            "type" : "Normalizer",
            "norm_type" : "String"
        }
    ],
    "active" : true
}
