{
	"info": {
		"_postman_id": "3afcb9fb-b764-4002-bdee-b2ddd417a991",
		"name": "iapi",
		"schema": "https://schema.getpostman.com/json/collection/v2.1.0/collection.json"
	},
	"item": [
		{
			"name": "start_conversation",
			"request": {
				"method": "POST",
				"header": [
					{
						"key": "secret",
						"value": "",
						"type": "text"
					},
					{
						"key": "token",
						"value": "",
						"type": "text"
					},
					{
						"key": "Date",
						"value": "",
						"type": "text"
					},
					{
						"key": "locale",
						"value": "",
						"type": "text"
					},
					{
						"key": "Content-Type",
						"name": "Content-Type",
						"value": "application/json",
						"type": "text"
					}
				],
				"body": {
					"mode": "raw",
					"raw": " {\n  \"context\" : {\n    \"device\" : {\n      \"type\" : \"web\",\n      \"os\" : \"Mac/iOS\",\n      \"model\" : \"Chrome\",\n      \"id\" : \"\"\n    },\n    \"platform\" : {\n      \"name\" : \"web\",\n      \"version\" : \"1.34\",\n      \"conversation_id\" : \"\"\n    },\n    \"user\" : {\n      \"time_zone\" : \"Europe/London\",\n      \"session_id\" : \"1kct9pqem4mpa1q08k2ekv29rm1545213535336b13f6cb0-b064-4634-9156-d83fa2ac2ea8\",\n      \"segment_names\" : [ \"1testgallery\", \"1testQR\", \"android123\", \"cmstest2\", \"cmstest3\", \"cmstest5\", \"cmstest7\", \"customer\" ],\n      \"user_id\" : \"test\"\n    },\n    \"api_version\" : \"2.1.2\"\n  },\n  \"intent_name\" : \"payment_execution\",\n  \"user_message\" : {\n    \"type\" : \"TEXT\",\n    \"payload\" : {\n      \"text\" : \"make a transfer payment\"\n    }\n  },\n  \"user_inputs\" : [ ]\n}"
				},
				"url": {
					"raw": "http://localhost:8181/api/intents/start_conversation",
					"protocol": "http",
					"host": [
						"localhost"
					],
					"port": "8181",
					"path": [
						"api",
						"intents",
						"start_conversation"
					]
				}
			},
			"response": []
		},
		{
			"name": "start_conversation payment_country",
			"request": {
				"method": "POST",
				"header": [
					{
						"key": "secret",
						"type": "text",
						"value": ""
					},
					{
						"key": "token",
						"type": "text",
						"value": ""
					},
					{
						"key": "Date",
						"type": "text",
						"value": ""
					},
					{
						"key": "locale",
						"type": "text",
						"value": ""
					},
					{
						"key": "Content-Type",
						"name": "Content-Type",
						"type": "text",
						"value": "application/json"
					}
				],
				"body": {
					"mode": "raw",
					"raw": " {\n  \"context\" : {\n    \"device\" : {\n      \"type\" : \"web\",\n      \"os\" : \"Mac/iOS\",\n      \"model\" : \"Chrome\",\n      \"id\" : \"\"\n    },\n    \"platform\" : {\n      \"name\" : \"web\",\n      \"version\" : \"1.34\",\n      \"conversation_id\" : \"\"\n    },\n    \"user\" : {\n      \"time_zone\" : \"Europe/London\",\n      \"session_id\" : \"1vxipgs814bd7tq71lex4ogvv154524232657027ee2ec8-d9a5-4580-a169-1517f8eac5f9\",\n      \"segment_names\" : [ \"1testgallery\", \"1testQR\", \"android123\", \"cmstest2\", \"cmstest3\", \"cmstest5\", \"cmstest7\", \"customer\" ],\n      \"user_id\" : \"test\"\n    },\n    \"api_version\" : \"2.1.2\"\n  },\n  \"intent_name\" : \"payment_execution\",\n  \"user_message\" : {\n    \"type\" : \"TEXT\",\n    \"payload\" : {\n      \"text\" : \"make a payment to india\"\n    }\n  },\n  \"user_inputs\" : [ {\n    \"name\" : \"CountryType\",\n    \"value\" : \"india\"\n  } ]\n}\n"
				},
				"url": {
					"raw": "http://localhost:8181/api/intents/start_conversation",
					"protocol": "http",
					"host": [
						"localhost"
					],
					"port": "8181",
					"path": [
						"api",
						"intents",
						"start_conversation"
					]
				}
			},
			"response": []
		},
		{
			"name": "start_conversation payment_merchant",
			"request": {
				"method": "POST",
				"header": [
					{
						"key": "secret",
						"type": "text",
						"value": ""
					},
					{
						"key": "token",
						"type": "text",
						"value": ""
					},
					{
						"key": "Date",
						"type": "text",
						"value": ""
					},
					{
						"key": "locale",
						"type": "text",
						"value": ""
					},
					{
						"key": "Content-Type",
						"name": "Content-Type",
						"type": "text",
						"value": "application/json"
					}
				],
				"body": {
					"mode": "raw",
					"raw": " {\n  \"context\" : {\n    \"device\" : {\n      \"type\" : \"web\",\n      \"os\" : \"Mac/iOS\",\n      \"model\" : \"Chrome\",\n      \"id\" : \"\"\n    },\n    \"platform\" : {\n      \"name\" : \"web\",\n      \"version\" : \"1.34\",\n      \"conversation_id\" : \"\"\n    },\n    \"user\" : {\n      \"time_zone\" : \"Europe/London\",\n      \"session_id\" : \"1vxipgs814bd7tq71lex4ogvv154524232657027ee2ec8-d9a5-4580-a169-1517f8eac5f9\",\n      \"segment_names\" : [ \"1testgallery\", \"1testQR\", \"android123\", \"cmstest2\", \"cmstest3\", \"cmstest5\", \"cmstest7\", \"customer\" ],\n      \"user_id\" : \"test\"\n    },\n    \"api_version\" : \"2.1.2\"\n  },\n  \"intent_name\" : \"payment_execution\",\n  \"user_message\" : {\n    \"type\" : \"TEXT\",\n    \"payload\" : {\n      \"text\" : \"help me to make a DEWA bill payment\"\n    }\n  },\n  \"user_inputs\" : [ {\n    \"name\" : \"MerchantType\",\n    \"value\" : \"dewa\"\n  } ]\n}"
				},
				"url": {
					"raw": "http://localhost:8181/api/intents/start_conversation",
					"protocol": "http",
					"host": [
						"localhost"
					],
					"port": "8181",
					"path": [
						"api",
						"intents",
						"start_conversation"
					]
				}
			},
			"response": []
		},
		{
			"name": "start_conversation payment_paytype",
			"request": {
				"method": "POST",
				"header": [
					{
						"key": "secret",
						"type": "text",
						"value": ""
					},
					{
						"key": "token",
						"type": "text",
						"value": ""
					},
					{
						"key": "Date",
						"type": "text",
						"value": ""
					},
					{
						"key": "locale",
						"type": "text",
						"value": ""
					},
					{
						"key": "Content-Type",
						"name": "Content-Type",
						"type": "text",
						"value": "application/json"
					}
				],
				"body": {
					"mode": "raw",
					"raw": "{\n  \"context\" : {\n    \"device\" : {\n      \"type\" : \"web\",\n      \"os\" : \"Mac/iOS\",\n      \"model\" : \"Chrome\",\n      \"id\" : \"\"\n    },\n    \"platform\" : {\n      \"name\" : \"web\",\n      \"version\" : \"1.34\",\n      \"conversation_id\" : \"\"\n    },\n    \"user\" : {\n      \"time_zone\" : \"Europe/London\",\n      \"session_id\" : \"1vxipgs814bd7tq71lex4ogvv154524232657027ee2ec8-d9a5-4580-a169-1517f8eac5f9\",\n      \"segment_names\" : [ \"1testgallery\", \"1testQR\", \"android123\", \"cmstest2\", \"cmstest3\", \"cmstest5\", \"cmstest7\", \"customer\" ],\n      \"user_id\" : \"test\"\n    },\n    \"api_version\" : \"2.1.2\"\n  },\n  \"intent_name\" : \"payment_execution\",\n  \"user_message\" : {\n    \"type\" : \"TEXT\",\n    \"payload\" : {\n      \"text\" : \"do a bill payment\"\n    }\n  },\n  \"user_inputs\" : [ {\n    \"name\" : \"PaymentType\",\n    \"value\" : \"bill\"\n  } ]\n}\n\n"
				},
				"url": {
					"raw": "http://localhost:8181/api/intents/start_conversation",
					"protocol": "http",
					"host": [
						"localhost"
					],
					"port": "8181",
					"path": [
						"api",
						"intents",
						"start_conversation"
					]
				}
			},
			"response": []
		},
		{
			"name": "send_user_input",
			"request": {
				"method": "POST",
				"header": [
					{
						"key": "secret",
						"type": "text",
						"value": ""
					},
					{
						"key": "token",
						"type": "text",
						"value": ""
					},
					{
						"key": "Date",
						"type": "text",
						"value": ""
					},
					{
						"key": "locale",
						"type": "text",
						"value": ""
					},
					{
						"key": "Content-Type",
						"name": "Content-Type",
						"type": "text",
						"value": "application/json"
					}
				],
				"body": {
					"mode": "raw",
					"raw": "{\n  \"context\" : {\n    \"device\" : {\n      \"type\" : \"web\",\n      \"os\" : \"Mac/iOS\",\n      \"model\" : \"Chrome\",\n      \"id\" : \"\"\n    },\n    \"platform\" : {\n      \"name\" : \"web\",\n      \"version\" : \"1.34\",\n      \"conversation_id\" : \"\"\n    },\n    \"user\" : {\n      \"time_zone\" : \"Europe/London\",\n      \"session_id\" : \"1kct9pqem4mpa1q08k2ekv29rm1545213535336b13f6cb0-b064-4634-9156-d83fa2ac2ea8\",\n      \"segment_names\" : [ \"1testgallery\", \"1testQR\", \"android123\", \"cmstest2\", \"cmstest3\", \"cmstest5\", \"cmstest7\", \"customer\" ],\n      \"user_id\" : \"test\"\n    },\n    \"api_version\" : \"2.1.2\"\n  },\n  \"conversation_id\" : \"f8145d7c-a012-41fc-bf9a-e3205f8a8128\",\n  \"user_message\" : {\n    \"type\" : \"TEXT\",\n    \"payload\" : {\n      \"text\" : \"abc123\"\n    }\n  },\n  \"user_inputs\" : [ {\n    \"name\" : \"transfer_type\",\n    \"value\" : \"social transfer\"\n  } ]\n}"
				},
				"url": {
					"raw": "http://localhost:8181/api/intents/send_user_input",
					"protocol": "http",
					"host": [
						"localhost"
					],
					"port": "8181",
					"path": [
						"api",
						"intents",
						"send_user_input"
					]
				}
			},
			"response": []
		},
		{
			"name": "cancel_user_input",
			"request": {
				"method": "POST",
				"header": [
					{
						"key": "secret",
						"type": "text",
						"value": ""
					},
					{
						"key": "token",
						"type": "text",
						"value": ""
					},
					{
						"key": "Date",
						"type": "text",
						"value": ""
					},
					{
						"key": "locale",
						"type": "text",
						"value": ""
					},
					{
						"key": "Content-Type",
						"name": "Content-Type",
						"type": "text",
						"value": "application/json"
					}
				],
				"body": {
					"mode": "raw",
					"raw": "{\n  \"exception_msg\" : \"\",\n  \"reason\" : \"USER_CANCELLED\",\n  \"context\" : {\n    \"device\" : {\n      \"type\" : \"web\",\n      \"os\" : \"Mac/iOS\",\n      \"model\" : \"Chrome\",\n      \"id\" : \"\"\n    },\n    \"platform\" : {\n      \"name\" : \"web\",\n      \"version\" : \"1.34\",\n      \"conversation_id\" : \"\"\n    },\n    \"user\" : {\n      \"time_zone\" : \"Europe/London\",\n      \"session_id\" : \"1kct9pqem4mpa1q08k2ekv29rm1545213535336b13f6cb0-b064-4634-9156-d83fa2ac2ea8\",\n      \"segment_names\" : [ \"1testgallery\", \"1testQR\", \"android123\", \"cmstest2\", \"cmstest3\", \"cmstest5\", \"cmstest7\", \"customer\" ],\n      \"user_id\" : \"test\"\n    },\n    \"api_version\" : \"2.1.2\"\n  },\n  \"conversation_id\" : \"15da2863-d6eb-4b8a-9bf2-61258f03df3d\"\n}"
				},
				"url": {
					"raw": "http://localhost:8181/api/intents/cancel_user_input",
					"protocol": "http",
					"host": [
						"localhost"
					],
					"port": "8181",
					"path": [
						"api",
						"intents",
						"cancel_user_input"
					]
				}
			},
			"response": []
		}
	]
}